{
  "model_version": "v1.0.0",
  "model_status": "production",
  "training_timestamp": "2026-02-15T14:55:23.468707+00:00",
  "data_hash": "5e7d7aae8851ddc08951ef280ff93f05a77ae75deabeffb39351f0ea3721d378",
  "input_features": [
    "salary_delay_days",
    "balance_decline_ratio_4w",
    "utility_delay_frequency",
    "lending_app_txn_count",
    "failed_auto_debit_count",
    "atm_withdrawal_spike",
    "discretionary_spending_drop_pct"
  ],
  "feature_count": 7,
  "features_used": [
    "salary_delay_days",
    "balance_decline_ratio_4w",
    "utility_delay_frequency",
    "lending_app_txn_count",
    "failed_auto_debit_count",
    "atm_withdrawal_spike",
    "discretionary_spending_drop_pct"
  ],
  "training_data_shape": [
    750,
    7
  ],
  "test_data_shape": [
    250,
    7
  ],
  "random_state": 42,
  "xgboost_hyperparameters": {
    "n_estimators": 100,
    "max_depth": 5,
    "learning_rate": 0.1,
    "random_state": 42,
    "use_label_encoder": false,
    "eval_metric": "logloss"
  },
  "logistic_regression_hyperparameters": {
    "max_iter": 1000,
    "random_state": 42,
    "class_weight": "balanced"
  },
  "class_imbalance_ratio": 0.49105367793240556,
  "xgboost": {
    "auc_roc": 0.643074912891986,
    "precision": 0.5,
    "recall": 0.35365853658536583,
    "f1_score": 0.4142857142857143,
    "f1": 0.4142857142857143,
    "accuracy": 0.672,
    "optimal_threshold": 0.27999999999999997,
    "expected_loss_optimized_threshold": 0.05,
    "confusion_matrix": [
      [
        139,
        29
      ],
      [
        53,
        29
      ]
    ],
    "cross_val_auc_mean": 0.6247505839563549,
    "cross_val_auc_std": 0.031112777833423214
  },
  "logistic_regression": {
    "auc_roc": 0.6629645760743322,
    "precision": 0.4791666666666667,
    "recall": 0.5609756097560976,
    "f1_score": 0.5168539325842697,
    "f1": 0.5168539325842697,
    "accuracy": 0.656,
    "optimal_threshold": 0.4599999999999999,
    "confusion_matrix": [
      [
        118,
        50
      ],
      [
        36,
        46
      ]
    ],
    "cross_val_auc_mean": 0.6992637947060012,
    "cross_val_auc_std": 0.039916602993869774
  },
  "business_metrics": {
    "avg_pd": 0.3405216634273529,
    "portfolio_expected_loss": 1707841.4933580232,
    "loss_reduction_vs_baseline": -0.0341003137338599
  }
}