{
  "note": "Protected attributes are not used in the model; used only for fairness reporting.",
  "subgroup_auc": {
    "A": 0.9038965904833272,
    "B": 0.9035516054240148
  },
  "precision_recall_by_segment": {
    "A": {
      "precision": 0.7329545454545454,
      "recall": 0.821656050955414,
      "count": 497
    },
    "B": {
      "precision": 0.73,
      "recall": 0.8488372093023255,
      "count": 503
    }
  },
  "disparate_impact_ratio": {
    "ratio": 1.0,
    "by_segment": {
      "A": 0.35412474849094566,
      "B": 0.3976143141153082
    },
    "favored_segment": "A"
  },
  "statistical_parity_difference": {
    "spd": 0.043489565624362514,
    "by_segment": {
      "A": 0.35412474849094566,
      "B": 0.3976143141153082
    },
    "favored_segment": "A"
  }
}