{
  "note": "Protected attributes are not used in the model; used only for fairness reporting.",
  "subgroup_auc": {
    "A": 0.9042337954289996,
    "B": 0.8974214852806858
  },
  "precision_recall_by_segment": {
    "A": {
      "precision": 0.8706896551724138,
      "recall": 0.643312101910828,
      "count": 497
    },
    "B": {
      "precision": 0.872,
      "recall": 0.6337209302325582,
      "count": 503
    }
  },
  "disparate_impact_ratio": {
    "ratio": 1.0,
    "by_segment": {
      "A": 0.23340040241448692,
      "B": 0.2485089463220676
    },
    "favored_segment": "A"
  },
  "statistical_parity_difference": {
    "spd": 0.01510854390758068,
    "by_segment": {
      "A": 0.23340040241448692,
      "B": 0.2485089463220676
    },
    "favored_segment": "A"
  }
}